--
-- PostgreSQL database dump
--

-- Dumped from database version 14.15 (Ubuntu 14.15-0ubuntu0.22.04.1)
-- Dumped by pg_dump version 14.15 (Ubuntu 14.15-0ubuntu0.22.04.1)

SET statement_timeout = 0;
SET lock_timeout = 0;
SET idle_in_transaction_session_timeout = 0;
SET client_encoding = 'UTF8';
SET standard_conforming_strings = on;
SELECT pg_catalog.set_config('search_path', '', false);
SET check_function_bodies = false;
SET xmloption = content;
SET client_min_messages = warning;
SET row_security = off;

SET default_tablespace = '';

SET default_table_access_method = heap;

--
-- Name: app_customer; Type: TABLE; Schema: public; Owner: cindy
--

CREATE TABLE public.app_customer (
    id bigint NOT NULL,
    name character varying(200),
    email character varying(200),
    user_id integer
);


ALTER TABLE public.app_customer OWNER TO cindy;

--
-- Name: app_customer_id_seq; Type: SEQUENCE; Schema: public; Owner: cindy
--

ALTER TABLE public.app_customer ALTER COLUMN id ADD GENERATED BY DEFAULT AS IDENTITY (
    SEQUENCE NAME public.app_customer_id_seq
    START WITH 1
    INCREMENT BY 1
    NO MINVALUE
    NO MAXVALUE
    CACHE 1
);


--
-- Name: app_order; Type: TABLE; Schema: public; Owner: cindy
--

CREATE TABLE public.app_order (
    id bigint NOT NULL,
    date_ordered timestamp with time zone NOT NULL,
    complete boolean,
    transaction_id character varying(200),
    customer_id bigint
);


ALTER TABLE public.app_order OWNER TO cindy;

--
-- Name: app_order_id_seq; Type: SEQUENCE; Schema: public; Owner: cindy
--

ALTER TABLE public.app_order ALTER COLUMN id ADD GENERATED BY DEFAULT AS IDENTITY (
    SEQUENCE NAME public.app_order_id_seq
    START WITH 1
    INCREMENT BY 1
    NO MINVALUE
    NO MAXVALUE
    CACHE 1
);


--
-- Name: app_orderitem; Type: TABLE; Schema: public; Owner: cindy
--

CREATE TABLE public.app_orderitem (
    id bigint NOT NULL,
    quantity integer,
    date_added timestamp with time zone NOT NULL,
    order_id bigint,
    product_id bigint
);


ALTER TABLE public.app_orderitem OWNER TO cindy;

--
-- Name: app_orderitem_id_seq; Type: SEQUENCE; Schema: public; Owner: cindy
--

ALTER TABLE public.app_orderitem ALTER COLUMN id ADD GENERATED BY DEFAULT AS IDENTITY (
    SEQUENCE NAME public.app_orderitem_id_seq
    START WITH 1
    INCREMENT BY 1
    NO MINVALUE
    NO MAXVALUE
    CACHE 1
);


--
-- Name: app_product; Type: TABLE; Schema: public; Owner: cindy
--

CREATE TABLE public.app_product (
    id bigint NOT NULL,
    name character varying(200),
    price double precision,
    digital boolean,
    image character varying(100)
);


ALTER TABLE public.app_product OWNER TO cindy;

--
-- Name: app_product_id_seq; Type: SEQUENCE; Schema: public; Owner: cindy
--

ALTER TABLE public.app_product ALTER COLUMN id ADD GENERATED BY DEFAULT AS IDENTITY (
    SEQUENCE NAME public.app_product_id_seq
    START WITH 1
    INCREMENT BY 1
    NO MINVALUE
    NO MAXVALUE
    CACHE 1
);


--
-- Name: app_shippingaddress; Type: TABLE; Schema: public; Owner: cindy
--

CREATE TABLE public.app_shippingaddress (
    id bigint NOT NULL,
    ciudad character varying(200),
    departamento character varying(200),
    direccion character varying(200),
    pais character varying(200),
    date_added timestamp with time zone NOT NULL,
    customer_id bigint,
    order_id bigint,
    zip character varying(200),
    orderitem_id bigint
);


ALTER TABLE public.app_shippingaddress OWNER TO cindy;

--
-- Name: app_shippingaddress_id_seq; Type: SEQUENCE; Schema: public; Owner: cindy
--

ALTER TABLE public.app_shippingaddress ALTER COLUMN id ADD GENERATED BY DEFAULT AS IDENTITY (
    SEQUENCE NAME public.app_shippingaddress_id_seq
    START WITH 1
    INCREMENT BY 1
    NO MINVALUE
    NO MAXVALUE
    CACHE 1
);


--
-- Name: auth_group; Type: TABLE; Schema: public; Owner: cindy
--

CREATE TABLE public.auth_group (
    id integer NOT NULL,
    name character varying(150) NOT NULL
);


ALTER TABLE public.auth_group OWNER TO cindy;

--
-- Name: auth_group_id_seq; Type: SEQUENCE; Schema: public; Owner: cindy
--

ALTER TABLE public.auth_group ALTER COLUMN id ADD GENERATED BY DEFAULT AS IDENTITY (
    SEQUENCE NAME public.auth_group_id_seq
    START WITH 1
    INCREMENT BY 1
    NO MINVALUE
    NO MAXVALUE
    CACHE 1
);


--
-- Name: auth_group_permissions; Type: TABLE; Schema: public; Owner: cindy
--

CREATE TABLE public.auth_group_permissions (
    id bigint NOT NULL,
    group_id integer NOT NULL,
    permission_id integer NOT NULL
);


ALTER TABLE public.auth_group_permissions OWNER TO cindy;

--
-- Name: auth_group_permissions_id_seq; Type: SEQUENCE; Schema: public; Owner: cindy
--

ALTER TABLE public.auth_group_permissions ALTER COLUMN id ADD GENERATED BY DEFAULT AS IDENTITY (
    SEQUENCE NAME public.auth_group_permissions_id_seq
    START WITH 1
    INCREMENT BY 1
    NO MINVALUE
    NO MAXVALUE
    CACHE 1
);


--
-- Name: auth_permission; Type: TABLE; Schema: public; Owner: cindy
--

CREATE TABLE public.auth_permission (
    id integer NOT NULL,
    name character varying(255) NOT NULL,
    content_type_id integer NOT NULL,
    codename character varying(100) NOT NULL
);


ALTER TABLE public.auth_permission OWNER TO cindy;

--
-- Name: auth_permission_id_seq; Type: SEQUENCE; Schema: public; Owner: cindy
--

ALTER TABLE public.auth_permission ALTER COLUMN id ADD GENERATED BY DEFAULT AS IDENTITY (
    SEQUENCE NAME public.auth_permission_id_seq
    START WITH 1
    INCREMENT BY 1
    NO MINVALUE
    NO MAXVALUE
    CACHE 1
);


--
-- Name: auth_user; Type: TABLE; Schema: public; Owner: cindy
--

CREATE TABLE public.auth_user (
    id integer NOT NULL,
    password character varying(128) NOT NULL,
    last_login timestamp with time zone,
    is_superuser boolean NOT NULL,
    username character varying(150) NOT NULL,
    first_name character varying(150) NOT NULL,
    last_name character varying(150) NOT NULL,
    email character varying(254) NOT NULL,
    is_staff boolean NOT NULL,
    is_active boolean NOT NULL,
    date_joined timestamp with time zone NOT NULL
);


ALTER TABLE public.auth_user OWNER TO cindy;

--
-- Name: auth_user_groups; Type: TABLE; Schema: public; Owner: cindy
--

CREATE TABLE public.auth_user_groups (
    id bigint NOT NULL,
    user_id integer NOT NULL,
    group_id integer NOT NULL
);


ALTER TABLE public.auth_user_groups OWNER TO cindy;

--
-- Name: auth_user_groups_id_seq; Type: SEQUENCE; Schema: public; Owner: cindy
--

ALTER TABLE public.auth_user_groups ALTER COLUMN id ADD GENERATED BY DEFAULT AS IDENTITY (
    SEQUENCE NAME public.auth_user_groups_id_seq
    START WITH 1
    INCREMENT BY 1
    NO MINVALUE
    NO MAXVALUE
    CACHE 1
);


--
-- Name: auth_user_id_seq; Type: SEQUENCE; Schema: public; Owner: cindy
--

ALTER TABLE public.auth_user ALTER COLUMN id ADD GENERATED BY DEFAULT AS IDENTITY (
    SEQUENCE NAME public.auth_user_id_seq
    START WITH 1
    INCREMENT BY 1
    NO MINVALUE
    NO MAXVALUE
    CACHE 1
);


--
-- Name: auth_user_user_permissions; Type: TABLE; Schema: public; Owner: cindy
--

CREATE TABLE public.auth_user_user_permissions (
    id bigint NOT NULL,
    user_id integer NOT NULL,
    permission_id integer NOT NULL
);


ALTER TABLE public.auth_user_user_permissions OWNER TO cindy;

--
-- Name: auth_user_user_permissions_id_seq; Type: SEQUENCE; Schema: public; Owner: cindy
--

ALTER TABLE public.auth_user_user_permissions ALTER COLUMN id ADD GENERATED BY DEFAULT AS IDENTITY (
    SEQUENCE NAME public.auth_user_user_permissions_id_seq
    START WITH 1
    INCREMENT BY 1
    NO MINVALUE
    NO MAXVALUE
    CACHE 1
);


--
-- Name: django_admin_log; Type: TABLE; Schema: public; Owner: cindy
--

CREATE TABLE public.django_admin_log (
    id integer NOT NULL,
    action_time timestamp with time zone NOT NULL,
    object_id text,
    object_repr character varying(200) NOT NULL,
    action_flag smallint NOT NULL,
    change_message text NOT NULL,
    content_type_id integer,
    user_id integer NOT NULL,
    CONSTRAINT django_admin_log_action_flag_check CHECK ((action_flag >= 0))
);


ALTER TABLE public.django_admin_log OWNER TO cindy;

--
-- Name: django_admin_log_id_seq; Type: SEQUENCE; Schema: public; Owner: cindy
--

ALTER TABLE public.django_admin_log ALTER COLUMN id ADD GENERATED BY DEFAULT AS IDENTITY (
    SEQUENCE NAME public.django_admin_log_id_seq
    START WITH 1
    INCREMENT BY 1
    NO MINVALUE
    NO MAXVALUE
    CACHE 1
);


--
-- Name: django_content_type; Type: TABLE; Schema: public; Owner: cindy
--

CREATE TABLE public.django_content_type (
    id integer NOT NULL,
    app_label character varying(100) NOT NULL,
    model character varying(100) NOT NULL
);


ALTER TABLE public.django_content_type OWNER TO cindy;

--
-- Name: django_content_type_id_seq; Type: SEQUENCE; Schema: public; Owner: cindy
--

ALTER TABLE public.django_content_type ALTER COLUMN id ADD GENERATED BY DEFAULT AS IDENTITY (
    SEQUENCE NAME public.django_content_type_id_seq
    START WITH 1
    INCREMENT BY 1
    NO MINVALUE
    NO MAXVALUE
    CACHE 1
);


--
-- Name: django_migrations; Type: TABLE; Schema: public; Owner: cindy
--

CREATE TABLE public.django_migrations (
    id bigint NOT NULL,
    app character varying(255) NOT NULL,
    name character varying(255) NOT NULL,
    applied timestamp with time zone NOT NULL
);


ALTER TABLE public.django_migrations OWNER TO cindy;

--
-- Name: django_migrations_id_seq; Type: SEQUENCE; Schema: public; Owner: cindy
--

ALTER TABLE public.django_migrations ALTER COLUMN id ADD GENERATED BY DEFAULT AS IDENTITY (
    SEQUENCE NAME public.django_migrations_id_seq
    START WITH 1
    INCREMENT BY 1
    NO MINVALUE
    NO MAXVALUE
    CACHE 1
);


--
-- Name: django_session; Type: TABLE; Schema: public; Owner: cindy
--

CREATE TABLE public.django_session (
    session_key character varying(40) NOT NULL,
    session_data text NOT NULL,
    expire_date timestamp with time zone NOT NULL
);


ALTER TABLE public.django_session OWNER TO cindy;

--
-- Name: users; Type: TABLE; Schema: public; Owner: cindy
--

CREATE TABLE public.users (
    "user" character varying(20),
    name character varying(20),
    email character varying(30)
);


ALTER TABLE public.users OWNER TO cindy;

--
-- Data for Name: app_customer; Type: TABLE DATA; Schema: public; Owner: cindy
--

COPY public.app_customer (id, name, email, user_id) FROM stdin;
1	cindy	201709692.cindy.gatica.arriola@gmail.com	1
2	Usuario1	correo1@example.com	2
3	Dia	diasblog@gmail.com	18
4	Alex	alexmonje@gmail.com	22
5	Marina	201709692.cindy.gatica.arriola@gmail.com	21
6	Carlos	carlosalberto@gmail.com	25
\.


--
-- Data for Name: app_order; Type: TABLE DATA; Schema: public; Owner: cindy
--

COPY public.app_order (id, date_ordered, complete, transaction_id, customer_id) FROM stdin;
11	2024-12-28 00:22:50.228-06	t	1735366998.200121	1
12	2024-12-28 00:23:19.757-06	t	1735458012.284194	1
13	2024-12-29 01:40:16.33213-06	t	1735463628.204193	1
14	2024-12-29 03:13:49.312915-06	t	1735484253.554557	1
15	2024-12-29 08:57:35.369216-06	f	\N	1
16	2024-12-29 18:46:56.029296-06	t	1735519677.704147	3
17	2024-12-30 08:18:08.754772-06	f	\N	4
18	2024-12-30 21:20:25.102498-06	f	\N	5
19	2024-12-31 20:18:53.152941-06	f	\N	6
\.


--
-- Data for Name: app_orderitem; Type: TABLE DATA; Schema: public; Owner: cindy
--

COPY public.app_orderitem (id, quantity, date_added, order_id, product_id) FROM stdin;
18	1	2024-12-27 22:15:07.705-06	\N	2
19	1	2024-12-27 23:52:12.342-06	\N	2
20	1	2024-12-27 23:52:13.664-06	\N	3
21	1	2024-12-27 23:52:16.599-06	\N	5
22	1	2024-12-27 23:53:05.457-06	\N	1
23	2	2024-12-27 23:53:06.592-06	\N	2
24	1	2024-12-27 23:55:04.293-06	\N	11
25	1	2024-12-27 23:55:05.784-06	\N	17
26	1	2024-12-27 23:55:08.828-06	\N	29
27	1	2024-12-27 23:55:10.247-06	\N	35
28	1	2024-12-27 23:55:11.527-06	\N	41
29	1	2024-12-27 23:55:12.977-06	\N	44
30	1	2024-12-27 23:55:13.831-06	\N	45
31	3	2024-12-28 00:02:11.099-06	\N	2
32	1	2024-12-28 00:02:13.459-06	\N	3
33	1	2024-12-28 00:10:57.503-06	\N	1
34	1	2024-12-28 00:10:58.815-06	\N	3
35	1	2024-12-28 00:11:00.08-06	\N	2
36	3	2024-12-28 00:12:29.556-06	\N	1
37	2	2024-12-28 00:13:37.178-06	\N	2
39	1	2024-12-28 00:22:50.236-06	11	1
40	1	2024-12-28 00:22:52.164-06	11	7
41	1	2024-12-28 00:22:54.202-06	11	13
42	1	2024-12-28 00:22:55.643-06	11	19
43	1	2024-12-28 00:22:57.946-06	11	28
44	4	2024-12-28 00:28:28.115-06	12	3
45	1	2024-12-29 01:39:43.321425-06	12	5
46	2	2024-12-29 01:45:25.175375-06	13	2
48	2	2024-12-29 03:11:35.65673-06	13	1
47	2	2024-12-29 01:45:25.803138-06	13	3
49	4	2024-12-29 08:57:07.26377-06	14	1
15	1	2024-12-27 22:08:34.048-06	15	46
38	2	2024-12-28 00:20:17.1-06	12	1
50	1	2024-12-29 18:46:56.032452-06	16	1
51	1	2024-12-29 18:47:11.4199-06	16	32
52	1	2024-12-29 18:47:13.406069-06	16	26
53	1	2024-12-29 18:47:16.40306-06	16	36
54	6	2024-12-30 08:18:08.760882-06	17	1
55	1	2024-12-30 21:20:25.107899-06	18	1
56	1	2024-12-30 21:20:25.748878-06	18	2
57	1	2024-12-30 21:20:26.405355-06	18	3
58	1	2024-12-31 20:18:53.159943-06	19	1
59	1	2024-12-31 20:18:53.944847-06	19	2
\.


--
-- Data for Name: app_product; Type: TABLE DATA; Schema: public; Owner: cindy
--

COPY public.app_product (id, name, price, digital, image) FROM stdin;
1	Pizza de champiñones (4 porciones)	15	f	champi_oYAb1rR.png
2	Pizza de champiñones (8 porciones)	40	f	champi_RFAXJvj.png
3	Pizza de champiñones (12 porciones)	50	f	champi_0vdCGzz.png
4	Pizza de champiñones (16 porciones)	70	f	champi_LxWGFUw.png
5	Pizza de peperoni (4 porciones)	15	f	pepe_2mZ6V9Q.png
6	Pizza de peperoni (8 porciones)	40	f	pepe_2S7dUoe.png
7	Pizza de peperoni (12 porciones)	50	f	pepe_BPZnX9Z.png
8	Pizza de peperoni (16 porciones)	70	f	pepe_GtFL223.png
9	Pizza de jamón (4 porciones)	15	f	jamon_k1hhrPg.png
10	Pizza de jamón (8 porciones)	40	f	jamon_6tWz5H5.png
11	Pizza de jamón (12 porciones)	50	f	jamon_aLRQTb5.png
12	Pizza de jamón (16 porciones)	70	f	jamon_1tF8LNY.png
13	Pizza de carne (4 porciones)	15	f	carne_simple.png
14	Pizza de carne (8 porciones)	40	f	carne_simple_wVZgfmJ.png
15	Pizza de carne (12 porciones)	50	f	carne_simple_ogCs930.png
16	Pizza de carne (16 porciones)	70	f	carne_simple_d60zK4l.png
17	Pizza de tocino (4 porciones)	15	f	tocino.png
18	Pizza de tocino (8 porciones)	40	f	tocino_lCDYZiY.png
19	Pizza de tocino (12 porciones)	50	f	tocino_GEqrX8I.png
20	Pizza de tocino (16 porciones)	70	f	tocino_fU3Omhe.png
21	Pizza de salami (4 porciones)	15	f	salami.png
22	Pizza de salami (8 porciones)	50	f	salami_VnDeVK3.png
23	Pizza de salami (12 porciones)	50	f	salami_b9iCPBc.png
24	Pizza de salami (16 porciones)	70	f	salami_ajBxwoA.png
25	Pizza hawaiana (4 porciones)	20	f	hawaiana.png
26	Pizza hawaiana (8 porciones)	50	f	hawaiana_6sVnvE2.png
27	Pizza hawaiana (12 porciones)	65	f	hawaiana_d0S7GPl.png
28	Pizza hawaiana (16 porciones)	95	f	hawaiana_stNkA7u.png
29	Pizza Suprema (4 porciones)	20	f	suprema.png
30	Pizza Suprema (8 porciones)	50	f	suprema_BZPX5UB.png
31	Pizza Suprema (12 porciones)	65	f	suprema_kxsFAZm.png
32	Pizza Suprema (16 porciones)	95	f	suprema_efD4QDX.png
33	Pizza Deluxe (4 porciones)	20	f	deluxe.png
34	Pizza Deluxe (8 porciones)	50	f	deluxe_awe7mCU.png
35	Pizza Deluxe (12 porciones)	65	f	deluxe_a0ihDi2.png
36	Pizza Deluxe (16 porciones)	95	f	deluxe_jEgSwvJ.png
37	Pizza de Carnes (4 porciones)	20	f	carnes.png
38	Pizza de Carnes (8 porciones)	50	f	carnes_Az1HFTx.png
39	Pizza de Carnes (12 porciones)	65	f	carnes_p0LVuW3.png
40	Pizza de Carnes (16 porciones)	95	f	carnes_4RMfT1i.png
41	Pizza de Picosita (4 porciones)	20	f	picosita.png
42	Pizza de Picosita (8 porciones)	50	f	picosita_jEapqTw.png
43	Pizza de Picosita (12 porciones)	65	f	picosita_wD7hOqp.png
44	Pizza de Picosita (16 porciones)	95	f	picosita_TYh20W8.png
45	Don Calzone 1 ingr.	10	f	calzone.png
46	Giftcard	80	t	
\.


--
-- Data for Name: app_shippingaddress; Type: TABLE DATA; Schema: public; Owner: cindy
--

COPY public.app_shippingaddress (id, ciudad, departamento, direccion, pais, date_added, customer_id, order_id, zip, orderitem_id) FROM stdin;
1	Guatemala	Guatemala	zona 7	Guatemala	2024-12-28 00:20:37.547-06	1	\N	01007	\N
2	Guatemala	Guatemala	zona 9	Guatemala	2024-12-28 00:23:18.219-06	1	11	01009	\N
3	Guatemala	Guatemala	zona 7 	Guatemala	2024-12-29 01:40:12.309426-06	1	12	01007	\N
4	Guatemala	Guatemala	zona 7	Guatemala	2024-12-29 03:13:48.246125-06	1	13	01007	\N
5	Guatemala	Guatemala	zona 7	Guatemala	2024-12-29 08:57:33.585156-06	1	14	01007	\N
6	Guatemala	Guatemala	zona 9	Guatemala	2024-12-29 18:47:57.747885-06	3	16	01009	\N
\.


--
-- Data for Name: auth_group; Type: TABLE DATA; Schema: public; Owner: cindy
--

COPY public.auth_group (id, name) FROM stdin;
\.


--
-- Data for Name: auth_group_permissions; Type: TABLE DATA; Schema: public; Owner: cindy
--

COPY public.auth_group_permissions (id, group_id, permission_id) FROM stdin;
\.


--
-- Data for Name: auth_permission; Type: TABLE DATA; Schema: public; Owner: cindy
--

COPY public.auth_permission (id, name, content_type_id, codename) FROM stdin;
1	Can add log entry	1	add_logentry
2	Can change log entry	1	change_logentry
3	Can delete log entry	1	delete_logentry
4	Can view log entry	1	view_logentry
5	Can add permission	2	add_permission
6	Can change permission	2	change_permission
7	Can delete permission	2	delete_permission
8	Can view permission	2	view_permission
9	Can add group	3	add_group
10	Can change group	3	change_group
11	Can delete group	3	delete_group
12	Can view group	3	view_group
13	Can add user	4	add_user
14	Can change user	4	change_user
15	Can delete user	4	delete_user
16	Can view user	4	view_user
17	Can add content type	5	add_contenttype
18	Can change content type	5	change_contenttype
19	Can delete content type	5	delete_contenttype
20	Can view content type	5	view_contenttype
21	Can add session	6	add_session
22	Can change session	6	change_session
23	Can delete session	6	delete_session
24	Can view session	6	view_session
25	Can add shipping address	7	add_shippingaddress
26	Can change shipping address	7	change_shippingaddress
27	Can delete shipping address	7	delete_shippingaddress
28	Can view shipping address	7	view_shippingaddress
29	Can add order item	8	add_orderitem
30	Can change order item	8	change_orderitem
31	Can delete order item	8	delete_orderitem
32	Can view order item	8	view_orderitem
33	Can add product	9	add_product
34	Can change product	9	change_product
35	Can delete product	9	delete_product
36	Can view product	9	view_product
37	Can add order	10	add_order
38	Can change order	10	change_order
39	Can delete order	10	delete_order
40	Can view order	10	view_order
41	Can add customer	11	add_customer
42	Can change customer	11	change_customer
43	Can delete customer	11	delete_customer
44	Can view customer	11	view_customer
45	Can add product	7	add_product
46	Can change product	7	change_product
47	Can delete product	7	delete_product
48	Can view product	7	view_product
49	Can add customer	8	add_customer
50	Can change customer	8	change_customer
51	Can delete customer	8	delete_customer
52	Can view customer	8	view_customer
53	Can add order	9	add_order
54	Can change order	9	change_order
55	Can delete order	9	delete_order
56	Can view order	9	view_order
57	Can add order item	10	add_orderitem
58	Can change order item	10	change_orderitem
59	Can delete order item	10	delete_orderitem
60	Can view order item	10	view_orderitem
61	Can add shipping address	11	add_shippingaddress
62	Can change shipping address	11	change_shippingaddress
63	Can delete shipping address	11	delete_shippingaddress
64	Can view shipping address	11	view_shippingaddress
\.


--
-- Data for Name: auth_user; Type: TABLE DATA; Schema: public; Owner: cindy
--

COPY public.auth_user (id, password, last_login, is_superuser, username, first_name, last_name, email, is_staff, is_active, date_joined) FROM stdin;
22	pbkdf2_sha256$870000$cG4WjxRx4n3J2xPsedmKhv$NlyRHvoTDD13MiEOtSdTj0vIMGOYK/TbYSa8mQQdI8Q=	2024-12-30 08:17:54.82137-06	f	Alex			alexmonje@gmail.com	f	t	2024-12-30 08:17:54.608974-06
23	pbkdf2_sha256$870000$ISCTghjK1pseVoT9KZg2xB$jfU4/WE9GH50N1LS3ImTndwqckOd3HW6OUho9Z/ANDQ=	2024-12-30 16:18:02.260435-06	f	sd			karen.gatica13@gmail.com	f	t	2024-12-30 16:18:02.044548-06
2	hashed_password	\N	f	username1	prueba	pruebaA	correo@example.com	f	t	2024-12-29 01:56:53.783865-06
24	pbkdf2_sha256$870000$3NiWtuw81aSJX9jkg5bITc$nNNcwTJ9AnVaLf/HIUCg6jIpQ0NOHL7KNxq31347n7I=	2024-12-30 21:21:31.859385-06	f	Geraldine			geraldine@gmail.com	f	t	2024-12-30 21:21:31.647222-06
3	pbkdf2_sha256$870000$r43zZ8ZSDtnwpLiKtqL6Rj$e+l5fsbpIFBuQROuMtUaYip2oxIxmGJujqB7TM5pXKU=	2024-12-29 05:06:16.668841-06	f	aura			auramarina@gmail.com	f	t	2024-12-29 05:06:16.460159-06
4	pbkdf2_sha256$870000$YG79SP3Nw4jIs7pLQGbh3O$Pgekd1QQTLhhxJsve43/Pw7sasELj2qjNp9UrMUmu1c=	2024-12-29 05:46:08.575762-06	f	paola			paolaarevalo@gmail.com	f	t	2024-12-29 05:46:08.364785-06
5	pbkdf2_sha256$870000$vyrIJLrGkbPh0zWCHHv7DL$8xoFt0fcHpIHYv9GtXV4iJUh2GSjLfE7mdjsw0hKjvw=	2024-12-29 05:53:09.859592-06	f	unicornio comelon			meencantalapizza@gmail.com	f	t	2024-12-29 05:53:09.649012-06
6	pbkdf2_sha256$870000$ZXQSyCCdPLBm4UH0AMOAZ2$J+zC3Vk9fvTMV5hg1EtTeaD14QW3SYmRWn91jVDWfOA=	2024-12-29 05:57:27.256458-06	f	unicornio2			unicorniocomelon2@gmail.com	f	t	2024-12-29 05:57:27.043303-06
7	pbkdf2_sha256$870000$LJ1dj0Isafcm60SbSNAta1$QqMqpnEksycxbfa7C2wOGKlBrdU1ETzo/herQWqDzU4=	2024-12-29 06:04:06.64023-06	f	unicornio3			unicornio3@gmail.com	f	t	2024-12-29 06:04:06.423182-06
8	pbkdf2_sha256$870000$5sVqxLmSuHyfnGXxcMxJ8f$8HD+/yDAcKtjDQjgaYGKtza3BugFfwOWtMV2Qft/3Mw=	2024-12-29 06:05:34.324183-06	f	leonel			leonelprof@gmail.com	f	t	2024-12-29 06:05:34.114633-06
9	pbkdf2_sha256$870000$W4PnIKJcwWVwPriMjWKtgH$v9I/GH3E7tOli5fd020aSCY0/hDuwv2QnGR4zrNmR5s=	2024-12-29 06:09:17.707493-06	f	carol			carolbell@gmail.com	f	t	2024-12-29 06:09:17.495127-06
10	pbkdf2_sha256$870000$ZwegFZf5E5SEfr9ridpM61$mmXEsD2FBKxzFy6Vjulyo22WGMzofhuo8dBzTeZo400=	2024-12-29 06:10:47.763097-06	f	laura			laurasefue@gmail.com	f	t	2024-12-29 06:10:47.546765-06
11	pbkdf2_sha256$870000$uiSYnDCXvQQfP6QQ210BqN$TVlNjkkTeJMHanLKHsER5zlP4ciTaH468BxIW0HG0E0=	2024-12-29 06:43:35.691217-06	f	michelle			michellegatica@gmail.com	f	t	2024-12-29 06:43:35.470291-06
12	pbkdf2_sha256$870000$0ctphWPfxDU5vjsRC53JiV$reeCDqj+A4blWJhI3K05vQw/WcX2xS0RHUZAjb+h0Pw=	2024-12-29 06:45:27.286852-06	f	jackie			jackie@gmail.com	f	t	2024-12-29 06:45:27.063984-06
13	pbkdf2_sha256$870000$c36TsuB7n78AiHxn049Dza$byJS2zvuaBprpOhkMabRVC0QonzY9kOj19pmw6FqMpw=	2024-12-29 06:51:33.618778-06	f	joaquin			joaquin21@gmail.com	f	t	2024-12-29 06:51:33.408575-06
14	pbkdf2_sha256$870000$YcCrOqG7zIqsUWnKfrfB0i$l3MHAFE+fs+SIEIM4Aks91fq0Cj0eFENwKBAwi8ABa0=	2024-12-29 06:52:28.366673-06	f	estuardo			estudiardo2@gmail.com	f	t	2024-12-29 06:52:28.159159-06
15	pbkdf2_sha256$870000$ODMgKbNnZMYkG60420Tclh$XhJRw0Kdtojgt4kM/qsP+wbjcYvGle/+Ztcyxaz+dzs=	2024-12-29 06:54:44.362462-06	f	gabriel			gabrielarriola@gmail.com	f	t	2024-12-29 06:54:44.154333-06
16	pbkdf2_sha256$870000$6n2Lzf7BuULroPbN7SLpZa$2SFjuBCHAD6jCO2Is7wOCRyIFkDclMFMfzSHdX+2LO8=	2024-12-29 06:56:47.23397-06	f	eduardo			eduardopaz@gmail.com	f	t	2024-12-29 06:56:47.018039-06
17	pbkdf2_sha256$870000$QLWEJsOXxlnMCeO0ikP1f5$IeMd+3RbS6XNlIcuEIeh8FYzl+K8s1fXg7VWURYXQtI=	2024-12-29 08:20:30.764511-06	f	jenny			jennylog@gmail.com	f	t	2024-12-29 08:20:30.537293-06
25	pbkdf2_sha256$870000$cNUzIC1SHbyFuKRTJXJXnE$jC6s2VOGTk3mWd3BQ21JxM5lqeinSKMIOzo8t/YSnUQ=	2024-12-31 20:18:42.930279-06	f	Carlos			carlosalberto@gmail.com	f	t	2024-12-31 20:18:42.719458-06
1	pbkdf2_sha256$870000$FGynG3Ht8xIIv25edaJSDJ$rN44rcsgRW7Hvgr45tlK13Ns1tJ4G1J5lUyFeDGuBog=	2024-12-29 17:56:46.919393-06	t	cindy			cgaticaiga@gmail.com	t	t	2024-12-26 04:19:54.311-06
21	pbkdf2_sha256$870000$hlUIFvavS0q03vXA8AE3Kt$k6XGelHuI1tOP/kTKhqcW8B8gKgZcN/HTp3n4HL3+9g=	2024-12-31 20:20:39.952077-06	f	Marina			201709692.cindy.gatica.arriola@gmail.com	f	t	2024-12-30 04:43:15.595425-06
19	pbkdf2_sha256$870000$qdfaI3pAiFe1M9SyRmcTvj$XIRSMBXd8ZcKO4IX24sexxOaBBVQZ3M2RsyW7v88WiI=	2024-12-29 19:54:40.98497-06	f	Melissa1708			cgaticaiga@gmail.com	f	t	2024-12-29 19:54:40.769296-06
20	pbkdf2_sha256$870000$IDLzJ3zVjYOKksrA8UfnEk$A2nRenBcCULCD7FvzOzvq8gixDV6SsiUn9DU5/Hnr3g=	2024-12-30 01:47:50.823076-06	f	Laura			lauraornez@gmail.com	f	t	2024-12-30 01:47:50.598171-06
18	pbkdf2_sha256$870000$Xm5a1fM0MUAwQPyDZ5jFin$GV8+pL//9gcXG0l9aGbfhb0uDRRWM1fz4W7GtnVdHAY=	2024-12-30 01:51:25.714085-06	f	Dia			diasblog@gmail.com	f	t	2024-12-29 08:25:59.926261-06
\.


--
-- Data for Name: auth_user_groups; Type: TABLE DATA; Schema: public; Owner: cindy
--

COPY public.auth_user_groups (id, user_id, group_id) FROM stdin;
\.


--
-- Data for Name: auth_user_user_permissions; Type: TABLE DATA; Schema: public; Owner: cindy
--

COPY public.auth_user_user_permissions (id, user_id, permission_id) FROM stdin;
\.


--
-- Data for Name: django_admin_log; Type: TABLE DATA; Schema: public; Owner: cindy
--

COPY public.django_admin_log (id, action_time, object_id, object_repr, action_flag, change_message, content_type_id, user_id) FROM stdin;
1	2024-12-26 04:23:37.791-06	1	Pizza de champiñones (4 porciones)	1	[{"added": {}}]	9	1
2	2024-12-26 04:24:02.825-06	2	Pizza de champiñones (8 porciones)	1	[{"added": {}}]	9	1
3	2024-12-26 04:24:20.274-06	3	Pizza de champiñones (12 porciones)	1	[{"added": {}}]	9	1
4	2024-12-26 04:24:34.627-06	4	Pizza de champiñones (16 porciones)	1	[{"added": {}}]	9	1
5	2024-12-26 04:26:23.32-06	5	Pizza de peperoni (4 porciones)	1	[{"added": {}}]	9	1
6	2024-12-26 04:26:41.071-06	6	Pizza de peperoni (8 porciones)	1	[{"added": {}}]	9	1
7	2024-12-26 04:26:54.462-06	7	Pizza de peperoni (12 porciones)	1	[{"added": {}}]	9	1
8	2024-12-26 04:27:12.332-06	8	Pizza de peperoni (16 porciones)	1	[{"added": {}}]	9	1
9	2024-12-26 04:28:06.144-06	9	Pizza de jamón (4 porciones)	1	[{"added": {}}]	9	1
10	2024-12-26 04:28:57.825-06	10	Pizza de jamón (8 porciones)	1	[{"added": {}}]	9	1
11	2024-12-26 04:29:06.642-06	11	Pizza de jamón (12 porciones)	1	[{"added": {}}]	9	1
12	2024-12-26 04:29:14.696-06	12	Pizza de jamón (16 porciones)	1	[{"added": {}}]	9	1
13	2024-12-26 04:29:35.76-06	13	Pizza de carne (4 porciones)	1	[{"added": {}}]	9	1
14	2024-12-26 04:29:44.431-06	14	Pizza de carne (8 porciones)	1	[{"added": {}}]	9	1
15	2024-12-26 04:29:53.83-06	15	Pizza de carne (12 porciones)	1	[{"added": {}}]	9	1
16	2024-12-26 04:30:01.143-06	16	Pizza de carne (16 porciones)	1	[{"added": {}}]	9	1
17	2024-12-26 04:30:20.576-06	17	Pizza de tocino (4 porciones)	1	[{"added": {}}]	9	1
18	2024-12-26 04:30:30.177-06	18	Pizza de tocino (8 porciones)	1	[{"added": {}}]	9	1
19	2024-12-26 04:30:38.738-06	19	Pizza de tocino (12 porciones)	1	[{"added": {}}]	9	1
20	2024-12-26 04:30:50.634-06	20	Pizza de tocino (16 porciones)	1	[{"added": {}}]	9	1
21	2024-12-26 04:31:40.393-06	21	Pizza de salami (4 porciones)	1	[{"added": {}}]	9	1
22	2024-12-26 04:31:49.252-06	22	Pizza de salami (8 porciones)	1	[{"added": {}}]	9	1
23	2024-12-26 04:32:00.741-06	23	Pizza de salami (12 porciones)	1	[{"added": {}}]	9	1
24	2024-12-26 04:32:11.375-06	24	Pizza de salami (16 porciones)	1	[{"added": {}}]	9	1
25	2024-12-26 04:33:22.009-06	25	Pizza hawaiana (4 porciones)	1	[{"added": {}}]	9	1
26	2024-12-26 04:33:32.597-06	26	Pizza hawaiana (8 porciones)	1	[{"added": {}}]	9	1
27	2024-12-26 04:33:42.375-06	27	Pizza hawaiana (12 porciones)	1	[{"added": {}}]	9	1
28	2024-12-26 04:33:54.673-06	28	Pizza hawaiana (16 porciones)	1	[{"added": {}}]	9	1
29	2024-12-26 04:34:10.229-06	29	Pizza Suprema (4 porciones)	1	[{"added": {}}]	9	1
30	2024-12-26 04:34:17.091-06	30	Pizza Suprema (8 porciones)	1	[{"added": {}}]	9	1
31	2024-12-26 04:34:24.041-06	31	Pizza Suprema (12 porciones)	1	[{"added": {}}]	9	1
32	2024-12-26 04:34:31.609-06	32	Pizza Suprema (16 porciones)	1	[{"added": {}}]	9	1
33	2024-12-26 04:34:49.049-06	33	Pizza Deluxe (4 porciones)	1	[{"added": {}}]	9	1
34	2024-12-26 04:34:56.362-06	34	Pizza Deluxe (8 porciones)	1	[{"added": {}}]	9	1
35	2024-12-26 04:35:05.964-06	35	Pizza Deluxe (12 porciones)	1	[{"added": {}}]	9	1
36	2024-12-26 04:35:14.497-06	36	Pizza Deluxe (16 porciones)	1	[{"added": {}}]	9	1
37	2024-12-26 04:35:30.026-06	37	Pizza de Carnes (4 porciones)	1	[{"added": {}}]	9	1
38	2024-12-26 04:35:35.893-06	38	Pizza de Carnes (8 porciones)	1	[{"added": {}}]	9	1
39	2024-12-26 04:35:45.494-06	39	Pizza de Carnes (12 porciones)	1	[{"added": {}}]	9	1
40	2024-12-26 04:35:52.614-06	40	Pizza de Carnes (16 porciones)	1	[{"added": {}}]	9	1
41	2024-12-26 04:36:04.395-06	41	Pizza de Picosita (4 porciones)	1	[{"added": {}}]	9	1
42	2024-12-26 04:36:10.698-06	42	Pizza de Picosita (8 porciones)	1	[{"added": {}}]	9	1
43	2024-12-26 04:36:17.09-06	43	Pizza de Picosita (12 porciones)	1	[{"added": {}}]	9	1
44	2024-12-26 04:36:24.251-06	44	Pizza de Picosita (16 porciones)	1	[{"added": {}}]	9	1
45	2024-12-26 04:37:00.016-06	45	Don Calzone 1 ingr.	1	[{"added": {}}]	9	1
46	2024-12-26 05:06:06.841-06	1	Pizza de champiñones (4 porciones)	2	[{"changed": {"fields": ["Image"]}}]	9	1
47	2024-12-26 05:07:00.928-06	2	Pizza de champiñones (8 porciones)	2	[{"changed": {"fields": ["Image"]}}]	9	1
48	2024-12-26 05:07:20.864-06	3	Pizza de champiñones (12 porciones)	2	[{"changed": {"fields": ["Image"]}}]	9	1
49	2024-12-26 05:07:31.973-06	4	Pizza de champiñones (16 porciones)	2	[{"changed": {"fields": ["Image"]}}]	9	1
50	2024-12-26 05:07:48.691-06	5	Pizza de peperoni (4 porciones)	2	[{"changed": {"fields": ["Image"]}}]	9	1
51	2024-12-26 05:08:00.052-06	6	Pizza de peperoni (8 porciones)	2	[{"changed": {"fields": ["Image"]}}]	9	1
52	2024-12-26 05:08:14.307-06	7	Pizza de peperoni (12 porciones)	2	[{"changed": {"fields": ["Image"]}}]	9	1
53	2024-12-26 05:08:27.988-06	8	Pizza de peperoni (16 porciones)	2	[{"changed": {"fields": ["Image"]}}]	9	1
54	2024-12-26 05:09:02.507-06	9	Pizza de jamón (4 porciones)	2	[{"changed": {"fields": ["Image"]}}]	9	1
55	2024-12-26 05:09:15.569-06	10	Pizza de jamón (8 porciones)	2	[{"changed": {"fields": ["Image"]}}]	9	1
56	2024-12-26 05:09:26.166-06	11	Pizza de jamón (12 porciones)	2	[{"changed": {"fields": ["Image"]}}]	9	1
57	2024-12-26 05:09:46.087-06	12	Pizza de jamón (16 porciones)	2	[{"changed": {"fields": ["Image"]}}]	9	1
58	2024-12-26 05:14:26.99-06	13	Pizza de carne (4 porciones)	2	[{"changed": {"fields": ["Image"]}}]	9	1
59	2024-12-26 05:14:46.984-06	14	Pizza de carne (8 porciones)	2	[{"changed": {"fields": ["Image"]}}]	9	1
60	2024-12-26 05:15:01.63-06	15	Pizza de carne (12 porciones)	2	[{"changed": {"fields": ["Image"]}}]	9	1
61	2024-12-26 05:15:09.24-06	16	Pizza de carne (16 porciones)	2	[{"changed": {"fields": ["Image"]}}]	9	1
62	2024-12-26 05:15:33.167-06	17	Pizza de tocino (4 porciones)	2	[{"changed": {"fields": ["Image"]}}]	9	1
63	2024-12-26 05:15:40.201-06	18	Pizza de tocino (8 porciones)	2	[{"changed": {"fields": ["Image"]}}]	9	1
64	2024-12-26 05:15:48.953-06	19	Pizza de tocino (12 porciones)	2	[{"changed": {"fields": ["Image"]}}]	9	1
65	2024-12-26 05:15:56.666-06	20	Pizza de tocino (16 porciones)	2	[{"changed": {"fields": ["Image"]}}]	9	1
66	2024-12-26 05:16:16.627-06	21	Pizza de salami (4 porciones)	2	[{"changed": {"fields": ["Image"]}}]	9	1
67	2024-12-26 05:16:24.21-06	22	Pizza de salami (8 porciones)	2	[{"changed": {"fields": ["Image"]}}]	9	1
68	2024-12-26 05:16:31.168-06	23	Pizza de salami (12 porciones)	2	[{"changed": {"fields": ["Image"]}}]	9	1
69	2024-12-26 05:16:39.313-06	24	Pizza de salami (16 porciones)	2	[{"changed": {"fields": ["Image"]}}]	9	1
70	2024-12-26 05:16:55.289-06	25	Pizza hawaiana (4 porciones)	2	[{"changed": {"fields": ["Image"]}}]	9	1
71	2024-12-26 05:17:00.763-06	26	Pizza hawaiana (8 porciones)	2	[{"changed": {"fields": ["Image"]}}]	9	1
72	2024-12-26 05:17:07.002-06	27	Pizza hawaiana (12 porciones)	2	[{"changed": {"fields": ["Image"]}}]	9	1
73	2024-12-26 05:17:13.16-06	28	Pizza hawaiana (16 porciones)	2	[{"changed": {"fields": ["Image"]}}]	9	1
74	2024-12-26 05:17:30.952-06	29	Pizza Suprema (4 porciones)	2	[{"changed": {"fields": ["Image"]}}]	9	1
75	2024-12-26 05:17:36.386-06	30	Pizza Suprema (8 porciones)	2	[{"changed": {"fields": ["Image"]}}]	9	1
76	2024-12-26 05:17:42.842-06	31	Pizza Suprema (12 porciones)	2	[{"changed": {"fields": ["Image"]}}]	9	1
77	2024-12-26 05:17:48.745-06	32	Pizza Suprema (16 porciones)	2	[{"changed": {"fields": ["Image"]}}]	9	1
78	2024-12-26 05:19:13.392-06	33	Pizza Deluxe (4 porciones)	2	[{"changed": {"fields": ["Image"]}}]	9	1
79	2024-12-26 05:19:19.262-06	34	Pizza Deluxe (8 porciones)	2	[{"changed": {"fields": ["Image"]}}]	9	1
80	2024-12-26 05:19:24.364-06	35	Pizza Deluxe (12 porciones)	2	[{"changed": {"fields": ["Image"]}}]	9	1
81	2024-12-26 05:19:29.963-06	36	Pizza Deluxe (16 porciones)	2	[{"changed": {"fields": ["Image"]}}]	9	1
82	2024-12-26 05:19:39.38-06	37	Pizza de Carnes (4 porciones)	2	[{"changed": {"fields": ["Image"]}}]	9	1
83	2024-12-26 05:19:45.403-06	38	Pizza de Carnes (8 porciones)	2	[{"changed": {"fields": ["Image"]}}]	9	1
84	2024-12-26 05:19:50.575-06	39	Pizza de Carnes (12 porciones)	2	[{"changed": {"fields": ["Image"]}}]	9	1
85	2024-12-26 05:19:59.188-06	40	Pizza de Carnes (16 porciones)	2	[{"changed": {"fields": ["Image"]}}]	9	1
86	2024-12-26 05:20:19.374-06	41	Pizza de Picosita (4 porciones)	2	[{"changed": {"fields": ["Image"]}}]	9	1
87	2024-12-26 05:20:23.995-06	42	Pizza de Picosita (8 porciones)	2	[{"changed": {"fields": ["Image"]}}]	9	1
88	2024-12-26 05:20:29.308-06	43	Pizza de Picosita (12 porciones)	2	[{"changed": {"fields": ["Image"]}}]	9	1
89	2024-12-26 05:20:34.735-06	44	Pizza de Picosita (16 porciones)	2	[{"changed": {"fields": ["Image"]}}]	9	1
90	2024-12-26 05:20:43.261-06	45	Don Calzone 1 ingr.	2	[{"changed": {"fields": ["Image"]}}]	9	1
91	2024-12-26 06:53:06.634-06	1	cindy	1	[{"added": {}}]	11	1
92	2024-12-26 06:53:54.017-06	1	1	1	[{"added": {}}]	10	1
93	2024-12-26 06:54:23.324-06	1	OrderItem object (1)	1	[{"added": {}}]	8	1
94	2024-12-26 06:54:34.215-06	2	OrderItem object (2)	1	[{"added": {}}]	8	1
95	2024-12-26 06:54:44.034-06	3	OrderItem object (3)	1	[{"added": {}}]	8	1
96	2024-12-26 09:30:54.145-06	46	Giftcard	1	[{"added": {}}]	9	1
97	2024-12-28 00:22:16.583-06	1	1	3		10	1
98	2024-12-28 00:22:21.26-06	10	10	3		10	1
99	2024-12-28 00:22:24.691-06	9	9	3		10	1
100	2024-12-28 00:22:27.909-06	8	8	3		10	1
101	2024-12-28 00:22:43.071-06	7	7	3		10	1
102	2024-12-28 00:22:43.071-06	6	6	3		10	1
103	2024-12-28 00:22:43.071-06	5	5	3		10	1
104	2024-12-28 00:22:43.071-06	4	4	3		10	1
105	2024-12-28 00:22:43.071-06	3	3	3		10	1
106	2024-12-28 00:22:43.071-06	2	2	3		10	1
107	2024-12-29 16:38:35.922927-06	15	OrderItem object (15)	2	[{"changed": {"fields": ["Order"]}}]	10	1
108	2024-12-29 16:39:06.40149-06	38	OrderItem object (38)	2	[{"changed": {"fields": ["Order"]}}]	10	1
\.


--
-- Data for Name: django_content_type; Type: TABLE DATA; Schema: public; Owner: cindy
--

COPY public.django_content_type (id, app_label, model) FROM stdin;
1	admin	logentry
2	auth	permission
3	auth	group
4	auth	user
5	contenttypes	contenttype
6	sessions	session
7	app	product
8	app	customer
9	app	order
10	app	orderitem
11	app	shippingaddress
\.


--
-- Data for Name: django_migrations; Type: TABLE DATA; Schema: public; Owner: cindy
--

COPY public.django_migrations (id, app, name, applied) FROM stdin;
1	contenttypes	0001_initial	2024-12-29 00:19:43.171737-06
2	auth	0001_initial	2024-12-29 00:19:43.287188-06
3	admin	0001_initial	2024-12-29 00:19:43.323315-06
4	admin	0002_logentry_remove_auto_add	2024-12-29 00:19:43.335382-06
5	admin	0003_logentry_add_action_flag_choices	2024-12-29 00:19:43.345313-06
6	app	0001_initial	2024-12-29 00:19:43.413861-06
7	app	0002_product_image	2024-12-29 00:19:43.418935-06
8	app	0003_rename_address_shippingaddress_ciudad_and_more	2024-12-29 00:19:43.439031-06
9	contenttypes	0002_remove_content_type_name	2024-12-29 00:19:43.449302-06
10	auth	0002_alter_permission_name_max_length	2024-12-29 00:19:43.456281-06
11	auth	0003_alter_user_email_max_length	2024-12-29 00:19:43.461727-06
12	auth	0004_alter_user_username_opts	2024-12-29 00:19:43.467718-06
13	auth	0005_alter_user_last_login_null	2024-12-29 00:19:43.474335-06
14	auth	0006_require_contenttypes_0002	2024-12-29 00:19:43.477085-06
15	auth	0007_alter_validators_add_error_messages	2024-12-29 00:19:43.482558-06
16	auth	0008_alter_user_username_max_length	2024-12-29 00:19:43.491775-06
17	auth	0009_alter_user_last_name_max_length	2024-12-29 00:19:43.497778-06
18	auth	0010_alter_group_name_max_length	2024-12-29 00:19:43.505329-06
19	auth	0011_update_proxy_permissions	2024-12-29 00:19:43.512796-06
20	auth	0012_alter_user_first_name_max_length	2024-12-29 00:19:43.518834-06
21	sessions	0001_initial	2024-12-29 00:19:43.537077-06
22	app	0004_shippingaddress_orderitem	2024-12-29 17:42:42.632541-06
\.


--
-- Data for Name: django_session; Type: TABLE DATA; Schema: public; Owner: cindy
--

COPY public.django_session (session_key, session_data, expire_date) FROM stdin;
4lep18455c6t2fofpgl6wrme54ikvpi9	.eJxVjMsOwiAUBf-FtSGQ8nTp3m8g9wFSNZCUdmX8d23ShW7PzJyXSLCtNW0jL2lmcRZanH43BHrktgO-Q7t1Sb2ty4xyV-RBh7x2zs_L4f4dVBj1WyurcgnGWs-gi3MeNZJmwwglI0MAVgShuEIYycXAGbziYGlCiGYS7w8VDDmB:1tRmwu:KV543r0II_I9f-DjqudB7TLDBR9N4WRhWiYrjXO49QQ	2025-01-12 00:38:52.153649-06
q0bv5h3a6r5e6q3oe11utav62ukqmbhm	.eJxVjMEOwiAQRP-FsyGw0KV49O43kF1AqRpISnsy_rtt0oMeZ96beYtA61LC2vMcpiTOQovTb8cUn7nuID2o3puMrS7zxHJX5EG7vLaUX5fD_Tso1Mu2Ntl50DzeACAjGmUiD0isnRn86KNNYB2TShZRq-xgi4kRMCIrRU58vr0CNtQ:1tRmSE:zM6Li7XAqQWZx4uddY3OyICekKNdAkDENhYxOE8qgeQ	2025-01-12 00:07:10.419-06
\.


--
-- Data for Name: users; Type: TABLE DATA; Schema: public; Owner: cindy
--

COPY public.users ("user", name, email) FROM stdin;
\.


--
-- Name: app_customer_id_seq; Type: SEQUENCE SET; Schema: public; Owner: cindy
--

SELECT pg_catalog.setval('public.app_customer_id_seq', 6, true);


--
-- Name: app_order_id_seq; Type: SEQUENCE SET; Schema: public; Owner: cindy
--

SELECT pg_catalog.setval('public.app_order_id_seq', 19, true);


--
-- Name: app_orderitem_id_seq; Type: SEQUENCE SET; Schema: public; Owner: cindy
--

SELECT pg_catalog.setval('public.app_orderitem_id_seq', 59, true);


--
-- Name: app_product_id_seq; Type: SEQUENCE SET; Schema: public; Owner: cindy
--

SELECT pg_catalog.setval('public.app_product_id_seq', 46, true);


--
-- Name: app_shippingaddress_id_seq; Type: SEQUENCE SET; Schema: public; Owner: cindy
--

SELECT pg_catalog.setval('public.app_shippingaddress_id_seq', 6, true);


--
-- Name: auth_group_id_seq; Type: SEQUENCE SET; Schema: public; Owner: cindy
--

SELECT pg_catalog.setval('public.auth_group_id_seq', 1, false);


--
-- Name: auth_group_permissions_id_seq; Type: SEQUENCE SET; Schema: public; Owner: cindy
--

SELECT pg_catalog.setval('public.auth_group_permissions_id_seq', 1, false);


--
-- Name: auth_permission_id_seq; Type: SEQUENCE SET; Schema: public; Owner: cindy
--

SELECT pg_catalog.setval('public.auth_permission_id_seq', 64, true);


--
-- Name: auth_user_groups_id_seq; Type: SEQUENCE SET; Schema: public; Owner: cindy
--

SELECT pg_catalog.setval('public.auth_user_groups_id_seq', 1, false);


--
-- Name: auth_user_id_seq; Type: SEQUENCE SET; Schema: public; Owner: cindy
--

SELECT pg_catalog.setval('public.auth_user_id_seq', 25, true);


--
-- Name: auth_user_user_permissions_id_seq; Type: SEQUENCE SET; Schema: public; Owner: cindy
--

SELECT pg_catalog.setval('public.auth_user_user_permissions_id_seq', 1, false);


--
-- Name: django_admin_log_id_seq; Type: SEQUENCE SET; Schema: public; Owner: cindy
--

SELECT pg_catalog.setval('public.django_admin_log_id_seq', 108, true);


--
-- Name: django_content_type_id_seq; Type: SEQUENCE SET; Schema: public; Owner: cindy
--

SELECT pg_catalog.setval('public.django_content_type_id_seq', 11, true);


--
-- Name: django_migrations_id_seq; Type: SEQUENCE SET; Schema: public; Owner: cindy
--

SELECT pg_catalog.setval('public.django_migrations_id_seq', 22, true);


--
-- Name: app_customer app_customer_pkey; Type: CONSTRAINT; Schema: public; Owner: cindy
--

ALTER TABLE ONLY public.app_customer
    ADD CONSTRAINT app_customer_pkey PRIMARY KEY (id);


--
-- Name: app_customer app_customer_user_id_key; Type: CONSTRAINT; Schema: public; Owner: cindy
--

ALTER TABLE ONLY public.app_customer
    ADD CONSTRAINT app_customer_user_id_key UNIQUE (user_id);


--
-- Name: app_order app_order_pkey; Type: CONSTRAINT; Schema: public; Owner: cindy
--

ALTER TABLE ONLY public.app_order
    ADD CONSTRAINT app_order_pkey PRIMARY KEY (id);


--
-- Name: app_orderitem app_orderitem_pkey; Type: CONSTRAINT; Schema: public; Owner: cindy
--

ALTER TABLE ONLY public.app_orderitem
    ADD CONSTRAINT app_orderitem_pkey PRIMARY KEY (id);


--
-- Name: app_product app_product_pkey; Type: CONSTRAINT; Schema: public; Owner: cindy
--

ALTER TABLE ONLY public.app_product
    ADD CONSTRAINT app_product_pkey PRIMARY KEY (id);


--
-- Name: app_shippingaddress app_shippingaddress_pkey; Type: CONSTRAINT; Schema: public; Owner: cindy
--

ALTER TABLE ONLY public.app_shippingaddress
    ADD CONSTRAINT app_shippingaddress_pkey PRIMARY KEY (id);


--
-- Name: auth_group auth_group_name_key; Type: CONSTRAINT; Schema: public; Owner: cindy
--

ALTER TABLE ONLY public.auth_group
    ADD CONSTRAINT auth_group_name_key UNIQUE (name);


--
-- Name: auth_group_permissions auth_group_permissions_group_id_permission_id_0cd325b0_uniq; Type: CONSTRAINT; Schema: public; Owner: cindy
--

ALTER TABLE ONLY public.auth_group_permissions
    ADD CONSTRAINT auth_group_permissions_group_id_permission_id_0cd325b0_uniq UNIQUE (group_id, permission_id);


--
-- Name: auth_group_permissions auth_group_permissions_pkey; Type: CONSTRAINT; Schema: public; Owner: cindy
--

ALTER TABLE ONLY public.auth_group_permissions
    ADD CONSTRAINT auth_group_permissions_pkey PRIMARY KEY (id);


--
-- Name: auth_group auth_group_pkey; Type: CONSTRAINT; Schema: public; Owner: cindy
--

ALTER TABLE ONLY public.auth_group
    ADD CONSTRAINT auth_group_pkey PRIMARY KEY (id);


--
-- Name: auth_permission auth_permission_content_type_id_codename_01ab375a_uniq; Type: CONSTRAINT; Schema: public; Owner: cindy
--

ALTER TABLE ONLY public.auth_permission
    ADD CONSTRAINT auth_permission_content_type_id_codename_01ab375a_uniq UNIQUE (content_type_id, codename);


--
-- Name: auth_permission auth_permission_pkey; Type: CONSTRAINT; Schema: public; Owner: cindy
--

ALTER TABLE ONLY public.auth_permission
    ADD CONSTRAINT auth_permission_pkey PRIMARY KEY (id);


--
-- Name: auth_user_groups auth_user_groups_pkey; Type: CONSTRAINT; Schema: public; Owner: cindy
--

ALTER TABLE ONLY public.auth_user_groups
    ADD CONSTRAINT auth_user_groups_pkey PRIMARY KEY (id);


--
-- Name: auth_user_groups auth_user_groups_user_id_group_id_94350c0c_uniq; Type: CONSTRAINT; Schema: public; Owner: cindy
--

ALTER TABLE ONLY public.auth_user_groups
    ADD CONSTRAINT auth_user_groups_user_id_group_id_94350c0c_uniq UNIQUE (user_id, group_id);


--
-- Name: auth_user auth_user_pkey; Type: CONSTRAINT; Schema: public; Owner: cindy
--

ALTER TABLE ONLY public.auth_user
    ADD CONSTRAINT auth_user_pkey PRIMARY KEY (id);


--
-- Name: auth_user_user_permissions auth_user_user_permissions_pkey; Type: CONSTRAINT; Schema: public; Owner: cindy
--

ALTER TABLE ONLY public.auth_user_user_permissions
    ADD CONSTRAINT auth_user_user_permissions_pkey PRIMARY KEY (id);


--
-- Name: auth_user_user_permissions auth_user_user_permissions_user_id_permission_id_14a6b632_uniq; Type: CONSTRAINT; Schema: public; Owner: cindy
--

ALTER TABLE ONLY public.auth_user_user_permissions
    ADD CONSTRAINT auth_user_user_permissions_user_id_permission_id_14a6b632_uniq UNIQUE (user_id, permission_id);


--
-- Name: auth_user auth_user_username_key; Type: CONSTRAINT; Schema: public; Owner: cindy
--

ALTER TABLE ONLY public.auth_user
    ADD CONSTRAINT auth_user_username_key UNIQUE (username);


--
-- Name: django_admin_log django_admin_log_pkey; Type: CONSTRAINT; Schema: public; Owner: cindy
--

ALTER TABLE ONLY public.django_admin_log
    ADD CONSTRAINT django_admin_log_pkey PRIMARY KEY (id);


--
-- Name: django_content_type django_content_type_app_label_model_76bd3d3b_uniq; Type: CONSTRAINT; Schema: public; Owner: cindy
--

ALTER TABLE ONLY public.django_content_type
    ADD CONSTRAINT django_content_type_app_label_model_76bd3d3b_uniq UNIQUE (app_label, model);


--
-- Name: django_content_type django_content_type_pkey; Type: CONSTRAINT; Schema: public; Owner: cindy
--

ALTER TABLE ONLY public.django_content_type
    ADD CONSTRAINT django_content_type_pkey PRIMARY KEY (id);


--
-- Name: django_migrations django_migrations_pkey; Type: CONSTRAINT; Schema: public; Owner: cindy
--

ALTER TABLE ONLY public.django_migrations
    ADD CONSTRAINT django_migrations_pkey PRIMARY KEY (id);


--
-- Name: django_session django_session_pkey; Type: CONSTRAINT; Schema: public; Owner: cindy
--

ALTER TABLE ONLY public.django_session
    ADD CONSTRAINT django_session_pkey PRIMARY KEY (session_key);


--
-- Name: app_order_customer_id_7c27c407; Type: INDEX; Schema: public; Owner: cindy
--

CREATE INDEX app_order_customer_id_7c27c407 ON public.app_order USING btree (customer_id);


--
-- Name: app_orderitem_order_id_41257a1b; Type: INDEX; Schema: public; Owner: cindy
--

CREATE INDEX app_orderitem_order_id_41257a1b ON public.app_orderitem USING btree (order_id);


--
-- Name: app_orderitem_product_id_5f40ddb0; Type: INDEX; Schema: public; Owner: cindy
--

CREATE INDEX app_orderitem_product_id_5f40ddb0 ON public.app_orderitem USING btree (product_id);


--
-- Name: app_shippingaddress_customer_id_24c9534f; Type: INDEX; Schema: public; Owner: cindy
--

CREATE INDEX app_shippingaddress_customer_id_24c9534f ON public.app_shippingaddress USING btree (customer_id);


--
-- Name: app_shippingaddress_order_id_220f1517; Type: INDEX; Schema: public; Owner: cindy
--

CREATE INDEX app_shippingaddress_order_id_220f1517 ON public.app_shippingaddress USING btree (order_id);


--
-- Name: app_shippingaddress_orderitem_id_5fe13763; Type: INDEX; Schema: public; Owner: cindy
--

CREATE INDEX app_shippingaddress_orderitem_id_5fe13763 ON public.app_shippingaddress USING btree (orderitem_id);


--
-- Name: auth_group_name_a6ea08ec_like; Type: INDEX; Schema: public; Owner: cindy
--

CREATE INDEX auth_group_name_a6ea08ec_like ON public.auth_group USING btree (name varchar_pattern_ops);


--
-- Name: auth_group_permissions_group_id_b120cbf9; Type: INDEX; Schema: public; Owner: cindy
--

CREATE INDEX auth_group_permissions_group_id_b120cbf9 ON public.auth_group_permissions USING btree (group_id);


--
-- Name: auth_group_permissions_permission_id_84c5c92e; Type: INDEX; Schema: public; Owner: cindy
--

CREATE INDEX auth_group_permissions_permission_id_84c5c92e ON public.auth_group_permissions USING btree (permission_id);


--
-- Name: auth_permission_content_type_id_2f476e4b; Type: INDEX; Schema: public; Owner: cindy
--

CREATE INDEX auth_permission_content_type_id_2f476e4b ON public.auth_permission USING btree (content_type_id);


--
-- Name: auth_user_groups_group_id_97559544; Type: INDEX; Schema: public; Owner: cindy
--

CREATE INDEX auth_user_groups_group_id_97559544 ON public.auth_user_groups USING btree (group_id);


--
-- Name: auth_user_groups_user_id_6a12ed8b; Type: INDEX; Schema: public; Owner: cindy
--

CREATE INDEX auth_user_groups_user_id_6a12ed8b ON public.auth_user_groups USING btree (user_id);


--
-- Name: auth_user_user_permissions_permission_id_1fbb5f2c; Type: INDEX; Schema: public; Owner: cindy
--

CREATE INDEX auth_user_user_permissions_permission_id_1fbb5f2c ON public.auth_user_user_permissions USING btree (permission_id);


--
-- Name: auth_user_user_permissions_user_id_a95ead1b; Type: INDEX; Schema: public; Owner: cindy
--

CREATE INDEX auth_user_user_permissions_user_id_a95ead1b ON public.auth_user_user_permissions USING btree (user_id);


--
-- Name: auth_user_username_6821ab7c_like; Type: INDEX; Schema: public; Owner: cindy
--

CREATE INDEX auth_user_username_6821ab7c_like ON public.auth_user USING btree (username varchar_pattern_ops);


--
-- Name: django_admin_log_content_type_id_c4bce8eb; Type: INDEX; Schema: public; Owner: cindy
--

CREATE INDEX django_admin_log_content_type_id_c4bce8eb ON public.django_admin_log USING btree (content_type_id);


--
-- Name: django_admin_log_user_id_c564eba6; Type: INDEX; Schema: public; Owner: cindy
--

CREATE INDEX django_admin_log_user_id_c564eba6 ON public.django_admin_log USING btree (user_id);


--
-- Name: django_session_expire_date_a5c62663; Type: INDEX; Schema: public; Owner: cindy
--

CREATE INDEX django_session_expire_date_a5c62663 ON public.django_session USING btree (expire_date);


--
-- Name: django_session_session_key_c0390e0f_like; Type: INDEX; Schema: public; Owner: cindy
--

CREATE INDEX django_session_session_key_c0390e0f_like ON public.django_session USING btree (session_key varchar_pattern_ops);


--
-- Name: app_customer app_customer_user_id_e6e52921_fk_auth_user_id; Type: FK CONSTRAINT; Schema: public; Owner: cindy
--

ALTER TABLE ONLY public.app_customer
    ADD CONSTRAINT app_customer_user_id_e6e52921_fk_auth_user_id FOREIGN KEY (user_id) REFERENCES public.auth_user(id) DEFERRABLE INITIALLY DEFERRED;


--
-- Name: app_order app_order_customer_id_7c27c407_fk_app_customer_id; Type: FK CONSTRAINT; Schema: public; Owner: cindy
--

ALTER TABLE ONLY public.app_order
    ADD CONSTRAINT app_order_customer_id_7c27c407_fk_app_customer_id FOREIGN KEY (customer_id) REFERENCES public.app_customer(id) DEFERRABLE INITIALLY DEFERRED;


--
-- Name: app_orderitem app_orderitem_order_id_41257a1b_fk_app_order_id; Type: FK CONSTRAINT; Schema: public; Owner: cindy
--

ALTER TABLE ONLY public.app_orderitem
    ADD CONSTRAINT app_orderitem_order_id_41257a1b_fk_app_order_id FOREIGN KEY (order_id) REFERENCES public.app_order(id) DEFERRABLE INITIALLY DEFERRED;


--
-- Name: app_orderitem app_orderitem_product_id_5f40ddb0_fk_app_product_id; Type: FK CONSTRAINT; Schema: public; Owner: cindy
--

ALTER TABLE ONLY public.app_orderitem
    ADD CONSTRAINT app_orderitem_product_id_5f40ddb0_fk_app_product_id FOREIGN KEY (product_id) REFERENCES public.app_product(id) DEFERRABLE INITIALLY DEFERRED;


--
-- Name: app_shippingaddress app_shippingaddress_customer_id_24c9534f_fk_app_customer_id; Type: FK CONSTRAINT; Schema: public; Owner: cindy
--

ALTER TABLE ONLY public.app_shippingaddress
    ADD CONSTRAINT app_shippingaddress_customer_id_24c9534f_fk_app_customer_id FOREIGN KEY (customer_id) REFERENCES public.app_customer(id) DEFERRABLE INITIALLY DEFERRED;


--
-- Name: app_shippingaddress app_shippingaddress_order_id_220f1517_fk_app_order_id; Type: FK CONSTRAINT; Schema: public; Owner: cindy
--

ALTER TABLE ONLY public.app_shippingaddress
    ADD CONSTRAINT app_shippingaddress_order_id_220f1517_fk_app_order_id FOREIGN KEY (order_id) REFERENCES public.app_order(id) DEFERRABLE INITIALLY DEFERRED;


--
-- Name: app_shippingaddress app_shippingaddress_orderitem_id_5fe13763_fk_app_orderitem_id; Type: FK CONSTRAINT; Schema: public; Owner: cindy
--

ALTER TABLE ONLY public.app_shippingaddress
    ADD CONSTRAINT app_shippingaddress_orderitem_id_5fe13763_fk_app_orderitem_id FOREIGN KEY (orderitem_id) REFERENCES public.app_orderitem(id) DEFERRABLE INITIALLY DEFERRED;


--
-- Name: auth_group_permissions auth_group_permissio_permission_id_84c5c92e_fk_auth_perm; Type: FK CONSTRAINT; Schema: public; Owner: cindy
--

ALTER TABLE ONLY public.auth_group_permissions
    ADD CONSTRAINT auth_group_permissio_permission_id_84c5c92e_fk_auth_perm FOREIGN KEY (permission_id) REFERENCES public.auth_permission(id) DEFERRABLE INITIALLY DEFERRED;


--
-- Name: auth_group_permissions auth_group_permissions_group_id_b120cbf9_fk_auth_group_id; Type: FK CONSTRAINT; Schema: public; Owner: cindy
--

ALTER TABLE ONLY public.auth_group_permissions
    ADD CONSTRAINT auth_group_permissions_group_id_b120cbf9_fk_auth_group_id FOREIGN KEY (group_id) REFERENCES public.auth_group(id) DEFERRABLE INITIALLY DEFERRED;


--
-- Name: auth_permission auth_permission_content_type_id_2f476e4b_fk_django_co; Type: FK CONSTRAINT; Schema: public; Owner: cindy
--

ALTER TABLE ONLY public.auth_permission
    ADD CONSTRAINT auth_permission_content_type_id_2f476e4b_fk_django_co FOREIGN KEY (content_type_id) REFERENCES public.django_content_type(id) DEFERRABLE INITIALLY DEFERRED;


--
-- Name: auth_user_groups auth_user_groups_group_id_97559544_fk_auth_group_id; Type: FK CONSTRAINT; Schema: public; Owner: cindy
--

ALTER TABLE ONLY public.auth_user_groups
    ADD CONSTRAINT auth_user_groups_group_id_97559544_fk_auth_group_id FOREIGN KEY (group_id) REFERENCES public.auth_group(id) DEFERRABLE INITIALLY DEFERRED;


--
-- Name: auth_user_groups auth_user_groups_user_id_6a12ed8b_fk_auth_user_id; Type: FK CONSTRAINT; Schema: public; Owner: cindy
--

ALTER TABLE ONLY public.auth_user_groups
    ADD CONSTRAINT auth_user_groups_user_id_6a12ed8b_fk_auth_user_id FOREIGN KEY (user_id) REFERENCES public.auth_user(id) DEFERRABLE INITIALLY DEFERRED;


--
-- Name: auth_user_user_permissions auth_user_user_permi_permission_id_1fbb5f2c_fk_auth_perm; Type: FK CONSTRAINT; Schema: public; Owner: cindy
--

ALTER TABLE ONLY public.auth_user_user_permissions
    ADD CONSTRAINT auth_user_user_permi_permission_id_1fbb5f2c_fk_auth_perm FOREIGN KEY (permission_id) REFERENCES public.auth_permission(id) DEFERRABLE INITIALLY DEFERRED;


--
-- Name: auth_user_user_permissions auth_user_user_permissions_user_id_a95ead1b_fk_auth_user_id; Type: FK CONSTRAINT; Schema: public; Owner: cindy
--

ALTER TABLE ONLY public.auth_user_user_permissions
    ADD CONSTRAINT auth_user_user_permissions_user_id_a95ead1b_fk_auth_user_id FOREIGN KEY (user_id) REFERENCES public.auth_user(id) DEFERRABLE INITIALLY DEFERRED;


--
-- Name: django_admin_log django_admin_log_content_type_id_c4bce8eb_fk_django_co; Type: FK CONSTRAINT; Schema: public; Owner: cindy
--

ALTER TABLE ONLY public.django_admin_log
    ADD CONSTRAINT django_admin_log_content_type_id_c4bce8eb_fk_django_co FOREIGN KEY (content_type_id) REFERENCES public.django_content_type(id) DEFERRABLE INITIALLY DEFERRED;


--
-- Name: django_admin_log django_admin_log_user_id_c564eba6_fk_auth_user_id; Type: FK CONSTRAINT; Schema: public; Owner: cindy
--

ALTER TABLE ONLY public.django_admin_log
    ADD CONSTRAINT django_admin_log_user_id_c564eba6_fk_auth_user_id FOREIGN KEY (user_id) REFERENCES public.auth_user(id) DEFERRABLE INITIALLY DEFERRED;


--
-- PostgreSQL database dump complete
--

